,best_param,train_loss,test_loss
0,2,0.033207851573003544,0.05967741935483872
