,best_param,train_loss,test_loss
0,2,0.019897821995159992,0.053763440860215006
1,2,0.022721161602581308,0.055376344086021545
